﻿{
  "synonyms": {
    "snake rows": "snakeRows",
    "snake": "snakeRows",
    "row major": "rowMajor",
    "column major": "colMajor",
    "kill zone": "killZone",
    "lane": "lanes",
    "lanes": "lanes",
    "speed": "playerSpeed",
    "gap chance": "gapProbability",
    "fast lanes": "lanes",
    "straight": "straight",
    "straights": "straight",
    "flat": "straight",
    "flat section": "straight",
    "segment": "segments",
    "segments": "segments",
    "piece": "segments",
    "tile": "segments",
    "tiles": "segments",
    "corner": "curve",
    "curve": "curve",
    "curvy": "curve",
    "bend": "curve",
    "left turn": "turnLeft",
    "turn left": "turnLeft",
    "right turn": "turnRight",
    "turn right": "turnRight",
    "hairpin": "hairpin",
    "chicane": "chicane",
    "zigzag": "chicane",
    "slalom": "chicane",
    "ramp": "rampUp",
    "ramp up": "rampUp",
    "uphill": "rampUp",
    "ascend": "rampUp",
    "slope up": "rampUp",
    "ramp down": "rampDown",
    "downhill": "rampDown",
    "descend": "rampDown",
    "drop": "rampDown",
    "gap": "gap",
    "pit": "gap",
    "hole": "gap",
    "chasm": "gap",
    "jump": "jump",
    "booster": "boost",
    "speed pad": "boost",
    "dash pad": "boost",
    "fork": "split",
    "split": "split",
    "merge": "merge",
    "snake row": "snakeRows",
    "row-major": "rowMajor",
    "rows first": "rowMajor",
    "left to right": "rowMajor",
    "col major": "colMajor",
    "column-major": "colMajor",
    "top to bottom": "colMajor",
    "columns": "cols",
    "column": "cols",
    "cols": "cols",
    "rows": "rows",
    "row": "rows",
    "origin": "origin",
    "cell width": "dx",
    "cell height": "dy",
    "grid dx": "dx",
    "grid dy": "dy",
    "start zone": "startZone",
    "starting area": "startZone",
    "spawn zone": "startZone",
    "finish zone": "endZone",
    "end zone": "endZone",
    "goal zone": "endZone",
    "death zone": "killZone",
    "death plane": "killZone",
    "difficulty": "difficulty",
    "difficulty tracks": "tracks",
    "number of tracks": "tracks",
    "tracks": "tracks",
    "player speed": "playerSpeed",
    "speed delta": "deltaPerTrack",
    "jump force": "jumpForce",
    "jump strength": "jumpForce",
    "gap probability": "gapProbability",
    "gap rate": "gapProbability",
    "max gap width": "maxGapWidth",
    "no adjacent gaps": "noAdjacentGaps",
    "no back-to-back gaps": "noAdjacentGaps",
    "no at spawn": "noAtSpawn",
    "no gaps at start": "noAtSpawn",
    "progression": "progression",
    "ordering": "ordering",
    "carrier": "carrier",
    "taxi": "dartboardTaxi",
    "dartboard taxi": "dartboardTaxi",
    "attach kinematic": "attachKinematic",
    "kinematic on": "attachKinematic",
    "kinematic off": "noAttachKinematic",
    "move speed": "moveSpeed",
    "camera": "camera",
    "camera offset": "cameraOffset",
    "camera x offset": "offsetX",
    "camera y offset": "offsetY",
    "camera smooth": "smooth",
    "smoothing": "smooth",
    "track layer": "Track",
    "player layer": "Player",
    "kill layer": "KillZone",
    "killzone": "KillZone",
    "coyote time": "coyoteTime",
    "jump buffer": "jumpBuffer",
    "ground mask": "groundMask",
    "ground layer": "groundMask",
    "length units": "lengthUnits",
    "tile width": "tileWidth",
    "tile size": "tileWidth",
    "start size": "startSize",
    "end size": "endSize",
    "start area": "startZone",
    "end area": "endZone",
    "up": "up",
    "upwards": "up",
    "down": "down",
    "downwards": "down",
    "left": "left",
    "right": "right",
    "random": "random",
    "randomize": "random",
    "shuffle": "random",
    "mixed": "random",
    "varied": "random",
    "red": "red",
    "scarlet": "red",
    "crimson": "red",
    "orange": "orange",
    "amber": "orange",
    "tangerine": "orange",
    "yellow": "yellow",
    "gold": "yellow",
    "green": "green",
    "lime": "green",
    "forest": "green",
    "teal": "cyan",
    "aqua": "cyan",
    "cyan": "cyan",
    "turquoise": "cyan",
    "blue": "blue",
    "navy": "blue",
    "azure": "blue",
    "sky blue": "blue",
    "indigo": "indigo",
    "violet": "violet",
    "purple": "purple",
    "lavender": "purple",
    "magenta": "magenta",
    "fuchsia": "magenta",
    "pink": "magenta",
    "black": "black",
    "white": "white",
    "grey": "gray",
    "gray": "gray",
    "silver": "gray",
    "make": "make",
    "generate": "make",
    "build": "make",
    "add": "add",
    "remove": "remove",
    "increase": "increase",
    "decrease": "decrease",
    "hard": "hard",
    "easy": "easy",
    "medium": "medium",
    "short": "short",
    "long": "long",
    "tiny": "small",
    "small": "small",
    "big": "large",
    "large": "large"
  }
}